ERROR,Woops. Something bad happened
CONFUSED,Sorry. I don't understand you. Could you send something else?

HELLO,Hello {name}! Are you going to play?
HELLO,Hi {name}! Are you coming to play some games?
HELLO,Hi {name}! How's your day going? Want to play?

PLAY_BUTTON_START,Play
PLAY_BUTON_AGAIN,Do you want to play again?

HELP_BUTTON_START,Help
HELP_BUTTON,Okay. I got it.
HELP,The game is about guessing the image in which the rocket takes off. The bot is mainly controlled with buttons. So you won't have any problem. Click Play to start the game. Good luck!!

CONGRATS,Congratulations. You finish!!

SELECT_IMAGE_BUTTON,Select
REJECT_IMAGE_BUTTON,Reject

IMAGE_FALSE_SELECT_TRUE,No. You missed it. Bad luck!
IMAGE_FALSE_SELECT_TRUE,Oh no. You missed it. Try again!!
IMAGE_FALSE_SELECT_TRUE,You missed it. Next time will be the right one?

IMAGE_CORRECT_SELECT_FALSE,Oh no. That was the correct one!
IMAGE_CORRECT_SELECT_FALSE,NoOoOo. You missed the chance!
IMAGE_CORRECT_SELECT_FALSE,Woops. That was a correct one...

IMAGE_FALSE_SELECT_FALSE,Correct. That wasn't it. Let's try again!!
IMAGE_FALSE_SELECT_FALSE,You got it right. This picture is not correct
IMAGE_FALSE_SELECT_FALSE,You did well to reject it. It wasn't the correct one!!

TEXT_SEND_IMAGE_MIDDLE,What do you want to do?
TEXT_SEND_IMAGE_MIDDLE,Choose an option
TEXT_SEND_IMAGE_MIDDLE,What should you do??
TEXT_SEND_IMAGE_MIDDLE,This could take a while. Choose wisely!!

NEXT_IMAGE_BUTTON,Next image
NEXT_IMAGE_BUTTON,See next image
NEXT_IMAGE_BUTTON,Change image!

IMAGE_CORRECT_SELECT_TRUE_BUTTON,End game

IMAGE_CORRECT_SELECT_TRUE,You got it right. Do you want to see the scores? End the game!

REJECTS_PHOTOS_LEN,You rejected {used_ids}. It's all good. They were incorrect photos!!

TEXT_SEND_IMAGE_MIDDLE_TRUE,Click on select because this image is correct. The base of the rocket is deployed.
TEXT_SEND_IMAGE_MIDDLE_FALSE,Click on reject. In this image, the rocket is not yet ready to launch, the base is not deployed.

CONGRATS_TEST,You have finished the test. Now the real challenge begins.

PLAY_BUTTON_TEST_BOT,Test bot

ICON_FAIL,ü´£
ICON_FAIL,ü´†
ICON_FAIL,ü•≤
ICON_FAIL,üòê
ICON_FAIL,üòë
ICON_FAIL,ü§®

ICON_CONGRATS,üéâ
ICON_CONGRATS,üéà
ICON_CONGRATS,üéä
ICON_CONGRATS,‚ú®
ICON_CONGRATS,üçæ
ICON_CONGRATS,üòÉ
ICON_CONGRATS,üòÅ
ICON_CONGRATS,üòÑ

ICON_ROCKET,üöÄ
